{"stats":{"minecraft:killed_by":{"minecraft:ender_dragon":6,"minecraft:enderman":6},"minecraft:picked_up":{"minecraft:crafting_table":26,"minecraft:water_bucket":6,"minecraft:stone_slab":384,"minecraft:carrot_on_a_stick":6,"minecraft:white_bed":96,"minecraft:crying_obsidian":36,"minecraft:stone_axe":32,"minecraft:respawn_anchor":390,"minecraft:oak_boat":11,"minecraft:glowstone":390,"minecraft:cobblestone_slab":384,"minecraft:glowstone_dust":96,"minecraft:oak_planks":354,"minecraft:obsidian":488,"minecraft:white_wool":354,"minecraft:cobblestone":1984,"minecraft:ender_pearl":148},"minecraft:crafted":{"minecraft:white_bed":335},"minecraft:killed":{"minecraft:ender_dragon":5,"minecraft:enderman":6},"minecraft:used":{"minecraft:redstone_torch":2,"minecraft:piston":2,"minecraft:lever":3,"minecraft:crying_obsidian":313,"minecraft:command_block":41,"minecraft:red_concrete":9,"minecraft:redstone":14,"minecraft:iron_pickaxe":1,"minecraft:stone_button":1,"minecraft:oak_sign":41,"minecraft:ender_pearl":134,"minecraft:chest":1,"minecraft:redstone_block":1,"minecraft:gravel":787,"minecraft:stone_axe":162,"minecraft:crimson_sign":1,"minecraft:bedrock":59,"minecraft:respawn_anchor":52,"minecraft:glowstone":1,"minecraft:repeater":11,"minecraft:cobblestone":608,"minecraft:crafting_table":8,"minecraft:nether_bricks":654,"minecraft:white_bed":264,"minecraft:crimson_door":1,"minecraft:chain_command_block":4,"minecraft:repeating_command_block":4,"minecraft:oak_boat":6,"minecraft:granite":1,"minecraft:end_stone":38,"minecraft:obsidian":44},"minecraft:custom":{"minecraft:time_since_rest":1835,"minecraft:sprint_one_cm":372028,"minecraft:damage_taken":18225,"minecraft:walk_one_cm":486037,"minecraft:mob_kills":11,"minecraft:drop":1,"minecraft:damage_dealt":2422,"minecraft:interact_with_crafting_table":78,"minecraft:fly_one_cm":3281085,"minecraft:open_chest":68,"minecraft:crouch_one_cm":47781,"minecraft:play_one_minute":334480,"minecraft:deaths":84,"minecraft:sneak_time":54187,"minecraft:jump":6479,"minecraft:leave_game":109,"minecraft:time_since_death":1835,"minecraft:fall_one_cm":186851},"minecraft:mined":{"minecraft:glowstone":1,"minecraft:fire":575,"minecraft:crafting_table":1,"minecraft:wall_torch":59},"minecraft:dropped":{"minecraft:diamond":1}},"DataVersion":2567}